domain_name,unlocked,creative_count,bare_kind,best_url,screenshot_s3,unlocked_params
2vrfdcxsrvf43.com,False,0,unknown,https://2vrfdcxsrvf43.com/,https://cxo-demo.s3.ap-south-1.amazonaws.com/domain-analyzer/SEBI-Data-Search/2vrfdcxsrvf43.com/09f12f1b-d49b-4299-8360-d51c073c6366/screenshot/full.png,
4klecdmksvr.com,True,1,unknown,https://4klecdmksvr.com/?ad_name=ind37,https://cxo-demo.s3.ap-south-1.amazonaws.com/domain-analyzer/SEBI-Data-Search/4klecdmksvr.com/1d44fd42-62f9-43f3-9597-d9810c3c7e80/screenshot/variant-ad_name-ind37.png,ad_name=ind37|pEl8X=tupkapday|pEl8X=nirpokcode|pEl8X=ajtan_Haq|pEl8X=origtupcls|adset_name=ind37|pEl8X=MI1_HT2|pEl8X=tupmz4el|pEl8X=MI2_HT2|pEl8X=tups111|pEl8X=MI2_Haq|pEl8X=tup5min|pEl8X=tupscdn|pEl8X=szvnknir
782erjkcndsxzlm.com,True,1,scam,https://782erjkcndsxzlm.com/?ad_name=ind37,https://cxo-demo.s3.ap-south-1.amazonaws.com/domain-analyzer/SEBI-Data-Search/782erjkcndsxzlm.com/1a5a61a1-9dca-4fed-a71d-07cd88b1223a/screenshot/variant-ad_name-ind37.png,ad_name=ind37|pEl8X=tupkapday|pEl8X=nirpokcode|pEl8X=ajtan_Haq|pEl8X=origtupcls|adset_name=ind37|pEl8X=MI1_HT2|pEl8X=tupmz4el|pEl8X=MI2_HT2|pEl8X=tups111|pEl8X=MI2_Haq|pEl8X=tup5min|pEl8X=tupscdn|pEl8X=szvnknir
9ewosmc32jnkver.com,True,1,unknown,https://9ewosmc32jnkver.com/?ad_name=ind37,https://cxo-demo.s3.ap-south-1.amazonaws.com/domain-analyzer/SEBI-Data-Search/9ewosmc32jnkver.com/f21d79b9-9cc7-41ae-8d0b-8775853b1a31/screenshot/variant-ad_name-ind37.png,ad_name=ind37|pEl8X=tupkapday|pEl8X=nirpokcode|pEl8X=ajtan_Haq|pEl8X=origtupcls|adset_name=ind37|pEl8X=MI1_HT2|pEl8X=tupmz4el|pEl8X=MI2_HT2|pEl8X=tups111|pEl8X=MI2_Haq|pEl8X=tup5min|pEl8X=tupscdn|pEl8X=szvnknir
9jefvnrcdjskz.com,True,3,mixed,https://9jefvnrcdjskz.com/?pEl8X=ajtan_Haq,https://cxo-demo.s3.ap-south-1.amazonaws.com/domain-analyzer/SEBI-Data-Search/9jefvnrcdjskz.com/c3a24aae-9266-40a0-8a3b-ef205ebc01a5/screenshot/variant-pEl8X-ajtan_Haq.png,pEl8X=ajtan_Haq|pEl8X=MI1_HT2|pEl8X=MI2_HT2|pEl8X=MI2_Haq
altaredbyfaith.com,False,0,scam,https://altaredbyfaith.com/,https://cxo-demo.s3.ap-south-1.amazonaws.com/domain-analyzer/SEBI-Data-Search/altaredbyfaith.com/9ea0acbb-f500-4656-8418-43bae13ab47b/screenshot/full.png,
becjksdnlrecve.com,True,1,unknown,https://becjksdnlrecve.com/?ad_name=ind37,https://cxo-demo.s3.ap-south-1.amazonaws.com/domain-analyzer/SEBI-Data-Search/becjksdnlrecve.com/fde0bfcb-f3b2-4cf9-861c-c46b37ed21ac/screenshot/variant-ad_name-ind37.png,ad_name=ind37|pEl8X=tupkapday|pEl8X=nirpokcode|pEl8X=ajtan_Haq|pEl8X=origtupcls|adset_name=ind37|pEl8X=MI1_HT2|pEl8X=tupmz4el|pEl8X=MI2_HT2|pEl8X=tups111|pEl8X=MI2_Haq|pEl8X=tup5min|pEl8X=tupscdn|pEl8X=szvnknir
bhvrucedsixnki.com,False,0,unknown,https://bhvrucedsixnki.com/,https://cxo-demo.s3.ap-south-1.amazonaws.com/domain-analyzer/SEBI-Data-Search/bhvrucedsixnki.com/a5c1ef7b-de4b-4427-ae2f-32448d31b5ed/screenshot/full.png,
brightcloudlane.com,True,2,unknown,https://brightcloudlane.com/?pEl8X=tupkapday,https://cxo-demo.s3.ap-south-1.amazonaws.com/domain-analyzer/SEBI-Data-Search/brightcloudlane.com/f39bac0f-cb34-4239-8d05-7170a704e834/screenshot/variant-pEl8X-tupkapday.png,pEl8X=tupkapday|pEl8X=nirpokcode|pEl8X=origtupcls|pEl8X=tupmz4el|pEl8X=tupscdn|pEl8X=szvnknir
brveindjskc.com,True,3,mixed,https://brveindjskc.com/?pEl8X=ajtan_Haq,https://cxo-demo.s3.ap-south-1.amazonaws.com/domain-analyzer/SEBI-Data-Search/brveindjskc.com/b767d5ed-ccf5-4826-9b76-3588e15ef7ad/screenshot/variant-pEl8X-ajtan_Haq.png,pEl8X=ajtan_Haq|pEl8X=MI1_HT2|pEl8X=MI2_HT2|pEl8X=MI2_Haq
brvjnkdcxoejh.com,True,3,mixed,https://brvjnkdcxoejh.com/?pEl8X=ajtan_Haq,https://cxo-demo.s3.ap-south-1.amazonaws.com/domain-analyzer/SEBI-Data-Search/brvjnkdcxoejh.com/59b9c8b4-d7c8-4298-bbc5-b3524bb036eb/screenshot/variant-pEl8X-ajtan_Haq.png,pEl8X=ajtan_Haq|pEl8X=MI1_HT2|pEl8X=MI2_HT2|pEl8X=MI2_Haq
dlescheit.com,True,2,unknown,https://dlescheit.com/?pEl8X=origtupcls,https://cxo-demo.s3.ap-south-1.amazonaws.com/domain-analyzer/SEBI-Data-Search/dlescheit.com/850d6bd1-8c5d-4954-a90d-e4bdb674fad2/screenshot/variant-pEl8X-origtupcls.png,pEl8X=origtupcls|pEl8X=tups111|pEl8X=tup5min|pEl8X=tupscdn
economicinsight360.com,False,0,unknown,https://economicinsight360.com/,https://cxo-demo.s3.ap-south-1.amazonaws.com/domain-analyzer/SEBI-Data-Search/economicinsight360.com/1baf832c-a220-4923-a908-98a23ce0d120/screenshot/full.png,
ecwdskndsdcsa.com,True,1,scam,https://ecwdskndsdcsa.com/?ad_name=ind37,https://cxo-demo.s3.ap-south-1.amazonaws.com/domain-analyzer/SEBI-Data-Search/ecwdskndsdcsa.com/bd85fc9b-bcdc-4e42-ae23-d1bc9862f4f7/screenshot/variant-ad_name-ind37.png,ad_name=ind37|pEl8X=tupkapday|pEl8X=nirpokcode|pEl8X=ajtan_Haq|pEl8X=origtupcls|adset_name=ind37|pEl8X=MI1_HT2|pEl8X=tupmz4el|pEl8X=MI2_HT2|pEl8X=tups111|pEl8X=MI2_Haq|pEl8X=tup5min|pEl8X=tupscdn|pEl8X=szvnknir
eiusbvniaofno.com,True,4,mixed,https://eiusbvniaofno.com/?pEl8X=ajtan_Haq,https://cxo-demo.s3.ap-south-1.amazonaws.com/domain-analyzer/SEBI-Data-Search/eiusbvniaofno.com/2eb04225-0dd8-4ff5-a20d-c9abae5c5571/screenshot/variant-pEl8X-ajtan_Haq.png,pEl8X=ajtan_Haq|pEl8X=MI1_HT2|pEl8X=MI2_HT2|pEl8X=MI2_Haq
everydaybirch.com,True,3,unknown,https://everydaybirch.com/?pEl8X=tupkapday,https://cxo-demo.s3.ap-south-1.amazonaws.com/domain-analyzer/SEBI-Data-Search/everydaybirch.com/836e52c4-469b-478d-982c-3d0707c9f461/screenshot/variant-pEl8X-tupkapday.png,pEl8X=tupkapday|pEl8X=nirpokcode|pEl8X=origtupcls|pEl8X=tupmz4el|pEl8X=tupscdn|pEl8X=szvnknir
ewcdsihojsa.com,True,1,unknown,https://ewcdsihojsa.com/?ad_name=ind37,https://cxo-demo.s3.ap-south-1.amazonaws.com/domain-analyzer/SEBI-Data-Search/ewcdsihojsa.com/6196b201-e601-40b0-a3d7-3e6800e8518f/screenshot/variant-ad_name-ind37.png,ad_name=ind37|pEl8X=tupkapday|pEl8X=nirpokcode|pEl8X=ajtan_Haq|pEl8X=origtupcls|adset_name=ind37|pEl8X=MI1_HT2|pEl8X=tupmz4el|pEl8X=MI2_HT2|pEl8X=tups111|pEl8X=MI2_Haq|pEl8X=tup5min|pEl8X=tupscdn|pEl8X=szvnknir
gbiredcsjnkx.com,True,4,mixed,https://gbiredcsjnkx.com/?pEl8X=ajtan_Haq,https://cxo-demo.s3.ap-south-1.amazonaws.com/domain-analyzer/SEBI-Data-Search/gbiredcsjnkx.com/c4c1ab6e-e7d3-444d-89ef-eca0f0da3bc5/screenshot/variant-pEl8X-ajtan_Haq.png,pEl8X=ajtan_Haq|pEl8X=MI1_HT2|pEl8X=MI2_HT2|pEl8X=MI2_Haq
gir4uencsokmlz.com,True,2,mixed,https://gir4uencsokmlz.com/?pEl8X=ajtan_Haq,https://cxo-demo.s3.ap-south-1.amazonaws.com/domain-analyzer/SEBI-Data-Search/gir4uencsokmlz.com/ec68d23a-63de-4af1-9ed6-d6a456292949/screenshot/variant-pEl8X-ajtan_Haq.png,pEl8X=ajtan_Haq|pEl8X=MI1_HT2|pEl8X=MI2_HT2|pEl8X=MI2_Haq
headlinexoras.com,False,0,scam,https://headlinexoras.com/,https://cxo-demo.s3.ap-south-1.amazonaws.com/domain-analyzer/SEBI-Data-Search/headlinexoras.com/eddcdd0d-eb63-4bd8-be5e-ee11cce0df1a/screenshot/full.png,
herbal-yr.fit,False,0,unknown,https://herbal-yr.fit/,https://cxo-demo.s3.ap-south-1.amazonaws.com/domain-analyzer/SEBI-Data-Search/herbal-yr.fit/d489d3c8-8ab1-45ec-8dd5-81b3059166c2/screenshot/full.png,
ibg4rejnfkdo.com,True,4,mixed,https://ibg4rejnfkdo.com/?pEl8X=ajtan_Haq,https://cxo-demo.s3.ap-south-1.amazonaws.com/domain-analyzer/SEBI-Data-Search/ibg4rejnfkdo.com/9e5304f4-d3a8-4783-99e3-098a38f13379/screenshot/variant-pEl8X-ajtan_Haq.png,pEl8X=ajtan_Haq|pEl8X=MI1_HT2|pEl8X=MI2_HT2|pEl8X=MI2_Haq
ibmgippt.com,True,2,unknown,https://ibmgippt.com/?pEl8X=origtupcls,https://cxo-demo.s3.ap-south-1.amazonaws.com/domain-analyzer/SEBI-Data-Search/ibmgippt.com/9664e6ba-097a-4a06-8d52-c92d60907cdc/screenshot/variant-pEl8X-origtupcls.png,pEl8X=origtupcls|pEl8X=tups111|pEl8X=tup5min|pEl8X=tupscdn
ibnurilbndscl.com,True,4,mixed,https://ibnurilbndscl.com/?pEl8X=ajtan_Haq,https://cxo-demo.s3.ap-south-1.amazonaws.com/domain-analyzer/SEBI-Data-Search/ibnurilbndscl.com/a8644119-6b5c-4267-8612-38822b3530b0/screenshot/variant-pEl8X-ajtan_Haq.png,pEl8X=ajtan_Haq|pEl8X=MI1_HT2|pEl8X=MI2_HT2|pEl8X=MI2_Haq
ibruevndscokml.com,True,3,mixed,https://ibruevndscokml.com/?pEl8X=ajtan_Haq,https://cxo-demo.s3.ap-south-1.amazonaws.com/domain-analyzer/SEBI-Data-Search/ibruevndscokml.com/a2cc6bbc-2ece-4997-9c31-f549b941e9ad/screenshot/variant-pEl8X-ajtan_Haq.png,pEl8X=ajtan_Haq|pEl8X=MI1_HT2|pEl8X=MI2_HT2|pEl8X=MI2_Haq
idasiop.com,True,1,unknown,https://idasiop.com/?pEl8X=tupmz4el,https://cxo-demo.s3.ap-south-1.amazonaws.com/domain-analyzer/SEBI-Data-Search/idasiop.com/9cefb1f1-4830-4ede-b67c-4e4765700834/screenshot/variant-pEl8X-tupmz4el.png,pEl8X=tupmz4el|pEl8X=tup5min
idnhout.com,True,3,unknown,https://idnhout.com/?pEl8X=origtupcls,https://cxo-demo.s3.ap-south-1.amazonaws.com/domain-analyzer/SEBI-Data-Search/idnhout.com/74332c7d-5f3a-4a46-ae10-14b050e9147c/screenshot/variant-pEl8X-origtupcls.png,pEl8X=origtupcls|pEl8X=tups111|pEl8X=tup5min|pEl8X=tupscdn
iknletu.com,False,0,unknown,https://iknletu.com/,https://cxo-demo.s3.ap-south-1.amazonaws.com/domain-analyzer/SEBI-Data-Search/iknletu.com/ae4b4ef5-7363-442e-b8b9-b955cc491b3a/screenshot/full.png,
iknroling.com,True,1,unknown,https://iknroling.com/?pEl8X=tupmz4el,https://cxo-demo.s3.ap-south-1.amazonaws.com/domain-analyzer/SEBI-Data-Search/iknroling.com/8127cabe-e5f9-4c35-92e8-b913f8b248d1/screenshot/variant-pEl8X-tupmz4el.png,pEl8X=tupmz4el|pEl8X=tup5min
ilnkarip.com,True,3,unknown,https://ilnkarip.com/?pEl8X=origtupcls,https://cxo-demo.s3.ap-south-1.amazonaws.com/domain-analyzer/SEBI-Data-Search/ilnkarip.com/8de02515-c372-45cf-861a-285846bb9b99/screenshot/variant-pEl8X-origtupcls.png,pEl8X=origtupcls|pEl8X=tups111|pEl8X=tup5min|pEl8X=tupscdn
imniksiol.com,True,1,unknown,https://imniksiol.com/?pEl8X=tupmz4el,https://cxo-demo.s3.ap-south-1.amazonaws.com/domain-analyzer/SEBI-Data-Search/imniksiol.com/aa1ec20a-ab11-4380-97f5-61b2c428e5df/screenshot/variant-pEl8X-tupmz4el.png,pEl8X=tupmz4el|pEl8X=tup5min
indianbookcritics.in,False,0,scam,https://indianbookcritics.in/,https://cxo-demo.s3.ap-south-1.amazonaws.com/domain-analyzer/SEBI-Data-Search/indianbookcritics.in/889af0f4-73b9-43fe-978e-2f9be1e1bd59/screenshot/full.png,
irvbuenefwds.com,True,3,mixed,https://irvbuenefwds.com/?pEl8X=ajtan_Haq,https://cxo-demo.s3.ap-south-1.amazonaws.com/domain-analyzer/SEBI-Data-Search/irvbuenefwds.com/6859c2bf-2a14-415f-83a0-5a4e75fd80c3/screenshot/variant-pEl8X-ajtan_Haq.png,pEl8X=ajtan_Haq|pEl8X=MI1_HT2|pEl8X=MI2_HT2|pEl8X=MI2_Haq
iubrvbecdnosl.com,True,1,scam,https://iubrvbecdnosl.com/?ad_name=ind37,https://cxo-demo.s3.ap-south-1.amazonaws.com/domain-analyzer/SEBI-Data-Search/iubrvbecdnosl.com/73f1666e-9b2f-4eee-8b05-d5418b2695c1/screenshot/variant-ad_name-ind37.png,ad_name=ind37|pEl8X=tupkapday|pEl8X=nirpokcode|pEl8X=ajtan_Haq|pEl8X=origtupcls|adset_name=ind37|pEl8X=MI1_HT2|pEl8X=tupmz4el|pEl8X=MI2_HT2|pEl8X=tups111|pEl8X=MI2_Haq|pEl8X=tup5min|pEl8X=tupscdn|pEl8X=szvnknir
iuerhvolsaedc.com,False,0,unknown,https://iuerhvolsaedc.com/,https://cxo-demo.s3.ap-south-1.amazonaws.com/domain-analyzer/SEBI-Data-Search/iuerhvolsaedc.com/6a0ea2b1-93db-4820-aacb-35703dfec29a/screenshot/full.png,
jinr4evdkcmsl.com,True,3,mixed,https://jinr4evdkcmsl.com/?pEl8X=ajtan_Haq,https://cxo-demo.s3.ap-south-1.amazonaws.com/domain-analyzer/SEBI-Data-Search/jinr4evdkcmsl.com/281223d9-9f77-4056-91d6-dc0cc39ee374/screenshot/variant-pEl8X-ajtan_Haq.png,pEl8X=ajtan_Haq|pEl8X=MI1_HT2|pEl8X=MI2_HT2|pEl8X=MI2_Haq
jlnrvkefdscmx.com,True,1,unknown,https://jlnrvkefdscmx.com/?ad_name=ind37,https://cxo-demo.s3.ap-south-1.amazonaws.com/domain-analyzer/SEBI-Data-Search/jlnrvkefdscmx.com/c2a9285f-7d3c-4211-9899-e10f14ac6237/screenshot/variant-ad_name-ind37.png,ad_name=ind37|pEl8X=tupkapday|pEl8X=nirpokcode|pEl8X=ajtan_Haq|pEl8X=origtupcls|adset_name=ind37|pEl8X=MI1_HT2|pEl8X=tupmz4el|pEl8X=MI2_HT2|pEl8X=tups111|pEl8X=MI2_Haq|pEl8X=tup5min|pEl8X=tupscdn|pEl8X=szvnknir
johnpride.in,False,0,scam,https://johnpride.in/,https://cxo-demo.s3.ap-south-1.amazonaws.com/domain-analyzer/SEBI-Data-Search/johnpride.in/6837cdb2-b087-47f5-8fca-c026c3216013/screenshot/full.png,
jotkijd.com,True,1,unknown,https://jotkijd.com/?pEl8X=tupkapday,https://cxo-demo.s3.ap-south-1.amazonaws.com/domain-analyzer/SEBI-Data-Search/jotkijd.com/19d5ee16-09f9-4f79-8671-3d5d235a2442/screenshot/variant-pEl8X-tupkapday.png,pEl8X=tupkapday|pEl8X=tupmz4el|pEl8X=szvnknir
kehrvchedbc.com,True,4,mixed,https://kehrvchedbc.com/?pEl8X=ajtan_Haq,https://cxo-demo.s3.ap-south-1.amazonaws.com/domain-analyzer/SEBI-Data-Search/kehrvchedbc.com/8981707e-4e5b-44ae-9cb5-56815020f4e4/screenshot/variant-pEl8X-ajtan_Haq.png,pEl8X=ajtan_Haq|pEl8X=MI1_HT2|pEl8X=MI2_HT2|pEl8X=MI2_Haq
kjnferwni3rgefv.com,False,0,unknown,https://kjnferwni3rgefv.com/,https://cxo-demo.s3.ap-south-1.amazonaws.com/domain-analyzer/SEBI-Data-Search/kjnferwni3rgefv.com/d4deebcd-3459-422a-ae07-1ec632a86473/screenshot/full.png,
kjrnvfecdqwdfv.com,False,0,unknown,https://kjrnvfecdqwdfv.com/,https://cxo-demo.s3.ap-south-1.amazonaws.com/domain-analyzer/SEBI-Data-Search/kjrnvfecdqwdfv.com/df397180-49fd-430b-8b3e-678c80cf0d46/screenshot/full.png,
littlefoxcorner.com,True,3,unknown,https://littlefoxcorner.com/?pEl8X=tupkapday,https://cxo-demo.s3.ap-south-1.amazonaws.com/domain-analyzer/SEBI-Data-Search/littlefoxcorner.com/81a62745-91cb-477c-a7f3-8b1ce7ab69fd/screenshot/variant-pEl8X-tupkapday.png,pEl8X=tupkapday|pEl8X=nirpokcode|pEl8X=origtupcls|pEl8X=tupmz4el|pEl8X=tupscdn|pEl8X=szvnknir
littleitaly.in,False,0,scam,https://littleitaly.in/,https://cxo-demo.s3.ap-south-1.amazonaws.com/domain-analyzer/SEBI-Data-Search/littleitaly.in/76ccd670-d922-4945-98a8-0ec334327b7b/screenshot/full.png,
mezaxs.com,True,1,unknown,https://mezaxs.com/?pEl8X=tupkapday,https://cxo-demo.s3.ap-south-1.amazonaws.com/domain-analyzer/SEBI-Data-Search/mezaxs.com/9a53d2f5-3980-436e-a269-a5aa54dae837/screenshot/variant-pEl8X-tupkapday.png,pEl8X=tupkapday|pEl8X=tupmz4el|pEl8X=szvnknir
mnubriceds3ecwd.com,True,1,unknown,https://mnubriceds3ecwd.com/?pEl8X=tupkapday,https://cxo-demo.s3.ap-south-1.amazonaws.com/domain-analyzer/SEBI-Data-Search/mnubriceds3ecwd.com/13860576-a594-4554-88d7-2074a5abd5b3/screenshot/variant-pEl8X-tupkapday.png,pEl8X=tupkapday|pEl8X=nirpokcode|pEl8X=ajtan_Haq|pEl8X=origtupcls|adset_name=ind37|pEl8X=MI1_HT2|pEl8X=tupmz4el|pEl8X=MI2_HT2|pEl8X=tups111|pEl8X=MI2_Haq|pEl8X=tup5min|pEl8X=tupscdn|pEl8X=szvnknir
moneysavinganswers.net,True,1,error,https://moneysavinganswers.net/?ad_name=ind37,https://cxo-demo.s3.ap-south-1.amazonaws.com/domain-analyzer/SEBI-Data-Search/moneysavinganswers.net/58be99fd-aeca-4b81-bc2f-5ec8c2a80a97/screenshot/variant-ad_name-ind37.png,ad_name=ind37|pEl8X=tupkapday|pEl8X=nirpokcode|pEl8X=ajtan_Haq|pEl8X=origtupcls|adset_name=ind37|pEl8X=MI1_HT2|pEl8X=tupmz4el|pEl8X=tups111|pEl8X=MI2_Haq|pEl8X=tup5min|pEl8X=tupscdn|pEl8X=szvnknir
morningoakstudio.com,True,2,unknown,https://morningoakstudio.com/?pEl8X=tupkapday,https://cxo-demo.s3.ap-south-1.amazonaws.com/domain-analyzer/SEBI-Data-Search/morningoakstudio.com/cec5c79a-de55-41be-bb68-55f1fce891b2/screenshot/variant-pEl8X-tupkapday.png,pEl8X=tupkapday|pEl8X=nirpokcode|pEl8X=origtupcls|pEl8X=tupmz4el|pEl8X=tupscdn|pEl8X=szvnknir
mowdmcporvx.com,True,2,mixed,https://mowdmcporvx.com/?pEl8X=ajtan_Haq,https://cxo-demo.s3.ap-south-1.amazonaws.com/domain-analyzer/SEBI-Data-Search/mowdmcporvx.com/e4c0d3eb-757e-415e-8a6a-0a1e06d4c966/screenshot/variant-pEl8X-ajtan_Haq.png,pEl8X=ajtan_Haq|pEl8X=MI1_HT2|pEl8X=MI2_HT2|pEl8X=MI2_Haq
mvrescpaon.com,True,3,mixed,https://mvrescpaon.com/?pEl8X=ajtan_Haq,https://cxo-demo.s3.ap-south-1.amazonaws.com/domain-analyzer/SEBI-Data-Search/mvrescpaon.com/e4eb393d-8980-435e-8dcf-369f0a245a96/screenshot/variant-pEl8X-ajtan_Haq.png,pEl8X=ajtan_Haq|pEl8X=MI1_HT2|pEl8X=MI2_HT2|pEl8X=MI2_Haq
newzonic.com,False,0,scam,https://newzonic.com/,https://cxo-demo.s3.ap-south-1.amazonaws.com/domain-analyzer/SEBI-Data-Search/newzonic.com/7eef15c1-6443-4958-9d3b-01ff436043d6/screenshot/full.png,
niu4rve4ervfno.com,True,3,mixed,https://niu4rve4ervfno.com/?pEl8X=ajtan_Haq,https://cxo-demo.s3.ap-south-1.amazonaws.com/domain-analyzer/SEBI-Data-Search/niu4rve4ervfno.com/b99458f1-cf42-413d-a551-0b6438ac2f4f/screenshot/variant-pEl8X-ajtan_Haq.png,pEl8X=ajtan_Haq|pEl8X=MI1_HT2|pEl8X=MI2_HT2|pEl8X=MI2_Haq
noeriwsdcjce.com,True,1,scam,https://noeriwsdcjce.com/?ad_name=ind37,https://cxo-demo.s3.ap-south-1.amazonaws.com/domain-analyzer/SEBI-Data-Search/noeriwsdcjce.com/914ae218-45c4-456a-b251-ab625e1e7782/screenshot/variant-ad_name-ind37.png,ad_name=ind37|pEl8X=tupkapday|pEl8X=nirpokcode|pEl8X=ajtan_Haq|pEl8X=origtupcls|adset_name=ind37|pEl8X=MI1_HT2|pEl8X=tupmz4el|pEl8X=MI2_HT2|pEl8X=tups111|pEl8X=MI2_Haq|pEl8X=tup5min|pEl8X=tupscdn|pEl8X=szvnknir
noiverjio34.com,True,1,scam,https://noiverjio34.com/?ad_name=ind37,https://cxo-demo.s3.ap-south-1.amazonaws.com/domain-analyzer/SEBI-Data-Search/noiverjio34.com/35906a83-bb14-4445-9b13-f293e461b5c0/screenshot/variant-ad_name-ind37.png,ad_name=ind37|pEl8X=tupkapday|pEl8X=nirpokcode|pEl8X=ajtan_Haq|pEl8X=origtupcls|adset_name=ind37|pEl8X=MI1_HT2|pEl8X=tupmz4el|pEl8X=MI2_HT2|pEl8X=tups111|pEl8X=MI2_Haq|pEl8X=tup5min|pEl8X=tupscdn|pEl8X=szvnknir
northgardenview.com,True,2,unknown,https://northgardenview.com/?pEl8X=tupkapday,https://cxo-demo.s3.ap-south-1.amazonaws.com/domain-analyzer/SEBI-Data-Search/northgardenview.com/e1212bbe-45c0-4f3d-848c-9023118f910f/screenshot/variant-pEl8X-tupkapday.png,pEl8X=tupkapday|pEl8X=nirpokcode|pEl8X=origtupcls|pEl8X=tupmz4el|pEl8X=tupscdn|pEl8X=szvnknir
nrvdmewsa.com,True,1,unknown,https://nrvdmewsa.com/?ad_name=ind37,https://cxo-demo.s3.ap-south-1.amazonaws.com/domain-analyzer/SEBI-Data-Search/nrvdmewsa.com/2b63804f-07e2-4776-90ce-e4722da55362/screenshot/variant-ad_name-ind37.png,ad_name=ind37|pEl8X=tupkapday|pEl8X=nirpokcode|pEl8X=ajtan_Haq|pEl8X=origtupcls|adset_name=ind37|pEl8X=MI1_HT2|pEl8X=tupmz4el|pEl8X=MI2_HT2|pEl8X=tups111|pEl8X=MI2_Haq|pEl8X=tup5min|pEl8X=tupscdn|pEl8X=szvnknir
nug1frewkdo.com,True,4,mixed,https://nug1frewkdo.com/?pEl8X=ajtan_Haq,https://cxo-demo.s3.ap-south-1.amazonaws.com/domain-analyzer/SEBI-Data-Search/nug1frewkdo.com/dd316d70-64dd-40ef-b48b-fb87f9a90075/screenshot/variant-pEl8X-ajtan_Haq.png,pEl8X=ajtan_Haq|pEl8X=MI1_HT2|pEl8X=MI2_HT2|pEl8X=MI2_Haq
nurerecdecw.com,False,0,unknown,https://nurerecdecw.com/,https://cxo-demo.s3.ap-south-1.amazonaws.com/domain-analyzer/SEBI-Data-Search/nurerecdecw.com/66b8add3-718c-4950-8b67-2f0cf631a49b/screenshot/full.png,
ornvueisdmccd.com,True,3,mixed,https://ornvueisdmccd.com/?pEl8X=ajtan_Haq,https://cxo-demo.s3.ap-south-1.amazonaws.com/domain-analyzer/SEBI-Data-Search/ornvueisdmccd.com/c41fedd0-87a7-4684-aac3-c3be9bb7a1ff/screenshot/variant-pEl8X-ajtan_Haq.png,pEl8X=ajtan_Haq|pEl8X=MI1_HT2|pEl8X=MI2_HT2|pEl8X=MI2_Haq
pepperfry.com,True,14,scam,https://pepperfry.com/?ad_name=ind37,https://cxo-demo.s3.ap-south-1.amazonaws.com/domain-analyzer/SEBI-Data-Search/pepperfry.com/3fc4d10b-0b6e-4db8-b930-4ba9eb67c948/screenshot/variant-ad_name-ind37.png,ad_name=ind37|pEl8X=tupkapday|pEl8X=nirpokcode|pEl8X=ajtan_Haq|pEl8X=origtupcls|adset_name=ind37|pEl8X=MI1_HT2|pEl8X=tupmz4el|pEl8X=MI2_HT2|pEl8X=tups111|pEl8X=MI2_Haq|pEl8X=tup5min|pEl8X=tupscdn|pEl8X=szvnknir
plussizekurti.com,False,0,scam,https://plussizekurti.com/,https://cxo-demo.s3.ap-south-1.amazonaws.com/domain-analyzer/SEBI-Data-Search/plussizekurti.com/94e31588-56e0-4836-88c1-9b91d5b3cbdb/screenshot/full.png,
pmociewamiqsx.com,True,4,mixed,https://pmociewamiqsx.com/?pEl8X=ajtan_Haq,https://cxo-demo.s3.ap-south-1.amazonaws.com/domain-analyzer/SEBI-Data-Search/pmociewamiqsx.com/efde22b7-c9c0-4bb0-acc6-ed4b7e26bb58/screenshot/variant-pEl8X-ajtan_Haq.png,pEl8X=ajtan_Haq|pEl8X=MI1_HT2|pEl8X=MI2_HT2|pEl8X=MI2_Haq
pofmrecodwsx.com,True,3,mixed,https://pofmrecodwsx.com/?pEl8X=ajtan_Haq,https://cxo-demo.s3.ap-south-1.amazonaws.com/domain-analyzer/SEBI-Data-Search/pofmrecodwsx.com/3346f2e3-e922-4901-858c-b5ea5802b3aa/screenshot/variant-pEl8X-ajtan_Haq.png,pEl8X=ajtan_Haq|pEl8X=MI1_HT2|pEl8X=MI2_HT2|pEl8X=MI2_Haq
porasobiratmusli.com,True,1,scam,https://porasobiratmusli.com/?ad_name=ind37,https://cxo-demo.s3.ap-south-1.amazonaws.com/domain-analyzer/SEBI-Data-Search/porasobiratmusli.com/556a3eaa-913f-4678-bd7e-6c97555bc522/screenshot/variant-ad_name-ind37.png,ad_name=ind37
pporeiovdnscml.com,True,4,mixed,https://pporeiovdnscml.com/?pEl8X=ajtan_Haq,https://cxo-demo.s3.ap-south-1.amazonaws.com/domain-analyzer/SEBI-Data-Search/pporeiovdnscml.com/b6dc00b8-bc2d-42a1-a271-a8a6934e214a/screenshot/variant-pEl8X-ajtan_Haq.png,pEl8X=ajtan_Haq|pEl8X=MI1_HT2|pEl8X=MI2_HT2|pEl8X=MI2_Haq
pressora1.com,False,0,scam,https://pressora1.com/,https://cxo-demo.s3.ap-south-1.amazonaws.com/domain-analyzer/SEBI-Data-Search/pressora1.com/1da891f6-3ae4-4d77-86d7-c90a2c8f1eb8/screenshot/full.png,
qqpalacewap.com,False,0,unknown,https://qqpalacewap.com/,https://cxo-demo.s3.ap-south-1.amazonaws.com/domain-analyzer/SEBI-Data-Search/qqpalacewap.com/bda46b26-b575-4a31-8915-ba90e5f2e593/screenshot/full.png,
quietmeadowhome.com,True,2,unknown,https://quietmeadowhome.com/?pEl8X=tupkapday,https://cxo-demo.s3.ap-south-1.amazonaws.com/domain-analyzer/SEBI-Data-Search/quietmeadowhome.com/dcab0926-45d1-4c2b-a361-55cca997ae16/screenshot/variant-pEl8X-tupkapday.png,pEl8X=tupkapday|pEl8X=nirpokcode|pEl8X=origtupcls|pEl8X=tupmz4el|pEl8X=tupscdn|pEl8X=szvnknir
quietriverstone.com,True,3,unknown,https://quietriverstone.com/?pEl8X=tupkapday,https://cxo-demo.s3.ap-south-1.amazonaws.com/domain-analyzer/SEBI-Data-Search/quietriverstone.com/c0fee318-f1b0-4e08-9e8d-ce839a8ff8ed/screenshot/variant-pEl8X-tupkapday.png,pEl8X=tupkapday|pEl8X=nirpokcode|pEl8X=origtupcls|pEl8X=tupmz4el|pEl8X=tupscdn|pEl8X=szvnknir
reinvcdsmlx.com,True,3,mixed,https://reinvcdsmlx.com/?pEl8X=ajtan_Haq,https://cxo-demo.s3.ap-south-1.amazonaws.com/domain-analyzer/SEBI-Data-Search/reinvcdsmlx.com/f685a738-1061-4fcb-a85b-a9d32298185f/screenshot/variant-pEl8X-ajtan_Haq.png,pEl8X=ajtan_Haq|pEl8X=MI1_HT2|pEl8X=MI2_HT2|pEl8X=MI2_Haq
rvbhjdecs.com,True,3,mixed,https://rvbhjdecs.com/?pEl8X=ajtan_Haq,https://cxo-demo.s3.ap-south-1.amazonaws.com/domain-analyzer/SEBI-Data-Search/rvbhjdecs.com/4afbf728-1db9-4739-a688-6bb19fdbc330/screenshot/variant-pEl8X-ajtan_Haq.png,pEl8X=ajtan_Haq|pEl8X=MI1_HT2|pEl8X=MI2_HT2|pEl8X=MI2_Haq
rvbiedsnksa.com,False,0,unknown,https://rvbiedsnksa.com/,https://cxo-demo.s3.ap-south-1.amazonaws.com/domain-analyzer/SEBI-Data-Search/rvbiedsnksa.com/0fbecd6f-e1a2-469b-bf2d-c954e4171f13/screenshot/full.png,
rvn4oiuedcsm.com,True,2,mixed,https://rvn4oiuedcsm.com/?pEl8X=ajtan_Haq,https://cxo-demo.s3.ap-south-1.amazonaws.com/domain-analyzer/SEBI-Data-Search/rvn4oiuedcsm.com/ae602f02-d4ec-40b0-bce0-8c6f1320548e/screenshot/variant-pEl8X-ajtan_Haq.png,pEl8X=ajtan_Haq|pEl8X=MI1_HT2|pEl8X=MI2_HT2|pEl8X=MI2_Haq
salvandoadictos.com,False,0,unknown,https://salvandoadictos.com/,https://cxo-demo.s3.ap-south-1.amazonaws.com/domain-analyzer/SEBI-Data-Search/salvandoadictos.com/b7e6cd25-d679-48fd-b279-231091b1d555/screenshot/full.png,
sesminds.com,True,1,unknown,https://sesminds.com/?pEl8X=tupkapday,https://cxo-demo.s3.ap-south-1.amazonaws.com/domain-analyzer/SEBI-Data-Search/sesminds.com/cc5a38a3-55d2-4d08-b477-500ac21e35e1/screenshot/variant-pEl8X-tupkapday.png,pEl8X=tupkapday|pEl8X=tupmz4el|pEl8X=szvnknir
smartdealsearch.com,False,0,scam,https://smartdealsearch.com/,https://cxo-demo.s3.ap-south-1.amazonaws.com/domain-analyzer/SEBI-Data-Search/smartdealsearch.com/f1dd4ffc-786b-433c-bed1-82fc1cd762f4/screenshot/full.png,
thebookreviewindia.org,False,0,scam,https://thebookreviewindia.org/,https://cxo-demo.s3.ap-south-1.amazonaws.com/domain-analyzer/SEBI-Data-Search/thebookreviewindia.org/a5023efb-5034-49e8-91f3-f39b5625c76a/screenshot/full.png,
unir3oedsl.com,True,3,mixed,https://unir3oedsl.com/?pEl8X=ajtan_Haq,https://cxo-demo.s3.ap-south-1.amazonaws.com/domain-analyzer/SEBI-Data-Search/unir3oedsl.com/53c7e191-321e-42cb-967d-ce262f9dc555/screenshot/variant-pEl8X-ajtan_Haq.png,pEl8X=ajtan_Haq|pEl8X=MI1_HT2|pEl8X=MI2_HT2|pEl8X=MI2_Haq
veubhsfcdjk.com,True,4,mixed,https://veubhsfcdjk.com/?pEl8X=ajtan_Haq,https://cxo-demo.s3.ap-south-1.amazonaws.com/domain-analyzer/SEBI-Data-Search/veubhsfcdjk.com/5d56587f-76f0-4239-9667-5b0538675e19/screenshot/variant-pEl8X-ajtan_Haq.png,pEl8X=ajtan_Haq|pEl8X=MI1_HT2|pEl8X=MI2_HT2|pEl8X=MI2_Haq
vrubhedjcks.com,True,2,mixed,https://vrubhedjcks.com/?pEl8X=ajtan_Haq,https://cxo-demo.s3.ap-south-1.amazonaws.com/domain-analyzer/SEBI-Data-Search/vrubhedjcks.com/16704f99-d918-47a2-bb83-ddd3d1f82ffb/screenshot/variant-pEl8X-ajtan_Haq.png,pEl8X=ajtan_Haq|pEl8X=MI1_HT2|pEl8X=MI2_HT2|pEl8X=MI2_Haq
vybucidknlds3.com,True,1,scam,https://vybucidknlds3.com/?ad_name=ind37,https://cxo-demo.s3.ap-south-1.amazonaws.com/domain-analyzer/SEBI-Data-Search/vybucidknlds3.com/255ed8de-7a03-4320-8890-fd375fbf1629/screenshot/variant-ad_name-ind37.png,ad_name=ind37|pEl8X=tupkapday|pEl8X=nirpokcode|pEl8X=ajtan_Haq|pEl8X=origtupcls|adset_name=ind37|pEl8X=MI1_HT2|pEl8X=tupmz4el|pEl8X=MI2_HT2|pEl8X=tups111|pEl8X=MI2_Haq|pEl8X=tup5min|pEl8X=tupscdn|pEl8X=szvnknir
wildmaplehouse.com,True,3,unknown,https://wildmaplehouse.com/?pEl8X=origtupcls,https://cxo-demo.s3.ap-south-1.amazonaws.com/domain-analyzer/SEBI-Data-Search/wildmaplehouse.com/51f6dc6c-5edb-4ac2-bcd6-63254586734f/screenshot/variant-pEl8X-origtupcls.png,pEl8X=origtupcls|pEl8X=tups111|pEl8X=tup5min|pEl8X=tupscdn
willowgardenhouse.com,True,2,unknown,https://willowgardenhouse.com/?pEl8X=tupkapday,https://cxo-demo.s3.ap-south-1.amazonaws.com/domain-analyzer/SEBI-Data-Search/willowgardenhouse.com/8d9a5fa1-ee0c-4f9f-a7fd-6333cebc4156/screenshot/variant-pEl8X-tupkapday.png,pEl8X=tupkapday|pEl8X=nirpokcode|pEl8X=origtupcls|pEl8X=tupmz4el|pEl8X=tupscdn|pEl8X=szvnknir
xopwsodmrtgv8.com,True,4,mixed,https://xopwsodmrtgv8.com/?pEl8X=ajtan_Haq,https://cxo-demo.s3.ap-south-1.amazonaws.com/domain-analyzer/SEBI-Data-Search/xopwsodmrtgv8.com/f6aaeef3-be98-4d6a-9669-2a9150cc331d/screenshot/variant-pEl8X-ajtan_Haq.png,pEl8X=ajtan_Haq|pEl8X=MI1_HT2|pEl8X=MI2_HT2|pEl8X=MI2_Haq
yabulnadnepozhdenii.com,True,1,scam,https://yabulnadnepozhdenii.com/?ad_name=ind37,https://cxo-demo.s3.ap-south-1.amazonaws.com/domain-analyzer/SEBI-Data-Search/yabulnadnepozhdenii.com/e84cc201-66a9-440e-898c-4322c30e84ac/screenshot/variant-ad_name-ind37.png,ad_name=ind37
ybvcinjol.com,True,1,unknown,https://ybvcinjol.com/?pEl8X=tupkapday,https://cxo-demo.s3.ap-south-1.amazonaws.com/domain-analyzer/SEBI-Data-Search/ybvcinjol.com/bdbb0145-0383-4f85-9439-05757a4294fa/screenshot/variant-pEl8X-tupkapday.png,pEl8X=tupkapday|pEl8X=tupmz4el|pEl8X=szvnknir
yoshp.com,False,0,unknown,https://yoshp.com/,https://cxo-demo.s3.ap-south-1.amazonaws.com/domain-analyzer/SEBI-Data-Search/yoshp.com/0505e344-f102-4c99-9f03-204eb3615a85/screenshot/full.png,
